305	3918579	https://www.tiktok.com/@loveinfinity5774/video/7671491621879368990
1305	1924807	https://www.tiktok.com/@loveinfinity5774/video/7674089310970252574
1473	669468	https://www.tiktok.com/@ruffgold/video/7674600868234136862
133	462299	https://www.tiktok.com/@loveinfinity5774/video/7670286041076600095
4774	410783	https://www.tiktok.com/@alfiann1920/video/7681045069335661842
49	177527	https://www.tiktok.com/@ourlisten/video/7669776721582886162
290	174763	https://www.tiktok.com/@realkenzor/video/7671434055786745110
579	123736	https://www.tiktok.com/@cezaaarian/video/7671289729266109714
416	92399	https://www.tiktok.com/@seobrwn/video/7670606170243042580
98	82701	https://www.tiktok.com/@mzyyyi/video/7670108283738410258
